Route,Run,Sequence,Stop_Code_LBSL,Bus_Stop_Code,Naptan_Atco,Stop_Name,Location_Easting,Location_Northing,Heading,Virtual_Bus_Stop
1,1,1,14456,53369,490000235Z,NEW OXFORD STREET,529956,181417,75,0
1,1,2,29844,54468,490010131WB,MUSEUM STREET,530237,181523,53,0
1,1,3,26425,54321,490000112M,HOLBORN STATION <>,530561,181433,155,0
1,1,4,29984,75466,490019704K,ALDWYCH / THE ROYAL COURTS OF JUSTICE,530822,181068,97,0
1,1,5,29985,55244,490003193S,ALDWYCH / SOMERSET HOUSE,530747,180897,248,0
1,1,6,1835,71368,490014271N,WATERLOO BRIDGE / SOUTH BANK,530890,180366,149,0
1,1,7,2593,75793,490000254E,WATERLOO STATION / WATERLOO ROAD <> #,531182,179979,142,0
1,1,8,1047,55837,490013485S1,THE OLD VIC,531368,179740,143,0
1,1,9,2597,51551,490012693S2,ST GEORGE'S CIRCUS,531555,179498,141,0
1,1,10,26212,56108,490009281E,ELEPHANT & CASTLE / LONDON ROAD,531898,179171,140,0
1,1,11,26747,77998,490000073K,ELEPHANT & CASTLE / NEW KENT ROAD,532084,179060,106,0
1,1,12,2574,74809,490011632BA,RODNEY PLACE,532382,178974,98,0
1,1,13,34289,77752,490003658BC,BRICKLAYER'S ARMS / NEW KENT ROAD,532853,178999,86,0
1,1,14,34290,77495,490004315BH,BRICKLAYER'S ARMS / TOWER BRIDGE ROAD,533143,179158,38,0
1,1,15,1206,73143,490007533E,GRIGGS PLACE,533331,179246,113,0
1,1,16,13644,75041,490006792E,FENDALL STREET,533502,179166,117,0
1,1,17,1130,54690,490012367E,SPA ROAD,533647,179074,146,0
1,1,18,13647,48408,490003275E,ALSCOT ROAD,533784,178952,128,0
1,1,19,13649,51637,490003533E,HARRIS ACADEMY,534005,178859,87,0
1,1,20,26204,76211,490012353E,SOUTHWARK PARK ROAD / ST JAMES'S ROAD,534373,178821,95,0
1,1,21,26206,57850,490003311E,ANCHOR STREET,534689,178810,96,0
1,1,22,26208,49013,490009482S,LYNTON ROAD,534794,178625,156,0
1,1,23,1211,51063,490007086B,GALLEYWALL ROAD / SOUTH BERMONDSEY STN#,534925,178466,135,0
1,1,24,1212,52115,490003716E,BEAMISH HOUSE,535036,178531,49,0
1,1,25,13626,52998,490005603E,CORBETTS LANE / THE JOLLY GARDENERS,535256,178685,67,0
1,1,26,33452,73728,490014228E,WARNDON STREET,535441,178709,88,0
1,1,27,33453,51433,490000229O,SURREY QUAYS STATION #,535615,178908,330,0
1,1,28,2216,58011,490011723P,ROTHERHITHE POLICE STATION,535369,179191,320,0
1,1,29,BP2390,58185,490004733D,CANADA WATER BUS STATION,535459,179492,308,0
1,2,1,BP2391,48366,490004733C,CANADA WATER BUS STATION,535464,179452,147,0
1,2,2,25923,73142,490011723E,ROTHERHITHE POLICE STATION,535431,179136,138,0
1,2,3,40071,53864,490013042J,SURREY QUAYS SHOPPING CENTRE,535727,179040,70,0
1,2,4,13668,52763,490000229L,SURREY QUAYS STATION #,535746,178974,237,0
1,2,5,BP2413,73163,490011722Q,WARNDON STREET,535541,178716,254,0
1,2,6,13627,54005,490005603W,CORBETTS LANE / THE JOLLY GARDENERS,535197,178650,244,0
1,2,7,1213,50548,490011719A,ROTHERHITHE NEW RD / STH BERMONDSEY STN#,534975,178453,221,0
1,2,8,13660,47019,490009482N,LYNTON ROAD,534800,178590,325,0
1,2,9,26207,73710,490003311N,ANCHOR STREET,534721,178769,334,0
1,2,10,26205,59309,490012353W,SOUTHWARK PARK ROAD / ST JAMES'S ROAD,534459,178798,278,0
1,2,11,13650,53681,490011538W,REVERDY ROAD,534116,178849,277,0
1,2,12,13648,58000,490003275W,ALSCOT ROAD,533769,178941,306,0
1,2,13,1129,74537,490012367W,SPA ROAD,533542,179133,299,0
1,2,14,1208,71774,490007362S,GRANGE ROAD / CALEDONIAN MARKET,533220,179239,228,0
1,2,15,4610,72318,490015272BJ,BRICKLAYER'S ARMS / TOWER BRIDGE ROAD,533101,179092,227,0
1,2,16,34288,48216,490003658BS,BRICKLAYER'S ARMS / NEW KENT ROAD,532674,178961,275,0
1,2,17,2573,49564,490011632BT,RODNEY PLACE,532364,178968,280,0
1,2,18,33628,53709,490000073M,ELEPHANT & CASTLE / NEW KENT ROAD,532136,179029,286,0
1,2,19,BP3718,74792,490009281A,ELEPHANT & CASTLE / LONDON ROAD,531872,179174,320,0
1,2,20,2596,51165,490012693N1,ST GEORGE'S CIRCUS,531475,179576,320,0
1,2,21,1048,50694,490013485N,THE OLD VIC,531345,179734,323,0
1,2,22,BP1619,72073,490000254K,WATERLOO STATION / TENISON WAY <> #,531013,180067,311,0
1,2,23,25893,71234,490014270P,WATERLOO BRIDGE / SOUTH BANK,530920,180276,330,0
1,2,24,36886,71098,490008932T,LANCASTER PLACE,530650,180735,333,0
1,2,25,36599,51800,490003191F,ALDWYCH,530685,181029,50,0
1,2,26,455,77665,490000112P,HOLBORN STATION <>,530523,181469,336,0
1,2,27,BP1340,58945,490006203RA,DRURY LANE,530259,181386,227,0
1,2,28,BP883,47657,490000235N,TOTTENHAM COURT ROAD <>,529930,181363,341,0
2,1,1,BP197,76831,490000145L,MARYLEBONE STATION <> #,527565,181988,72,0
2,1,2,725,59130,490011124F,YORK STREET,527959,181877,163,0
2,1,3,26597,75334,490004096H,BLANDFORD STREET,528052,181577,163,0
2,1,4,449,57258,490010622BA,ORCHARD STREET / SELFRIDGES,528188,181137,163,0
2,1,5,29907,53906,490000144R,MARBLE ARCH STATION <>,527937,180890,161,0
2,1,6,29626,77410,490006111S1,DORCHESTER HOTEL,528213,180428,146,0
2,1,7,29997,71053,490009277B,LONDON HILTON HOTEL,528430,180125,162,0
2,1,8,36857,53748,490000119F,HYDE PARK CORNER,528456,179749,238,0
2,1,9,27945,58170,490014728S,WILTON STREET,528659,179442,144,0
2,1,10,33477,48837,490004555P,BRESSENDEN PLACE,528914,179235,204,0
2,1,11,R0471,56026,490000248F,VICTORIA STATION <>#,528968,179111,92,0
2,1,12,26112,58226,490010164L,NEATHOUSE PLACE,529089,179012,154,0
2,1,13,26338,75385,490011617E,ROCHESTER ROW,529282,178797,126,0
2,1,14,1948,49193,490012542S,STANFORD STREET,529574,178586,126,0
2,1,15,29977,76066,490000180D,PIMLICO STATION <>,529803,178421,125,0
2,1,16,BP4319,47291,490000247D,VAUXHALL BUS STATION,530340,177951,18,0
2,1,17,12448,52924,490014021V,VAUXHALL PARK,530426,177735,191,0
2,1,18,12817,53894,490014560S,WHEATSHEAF LANE,530337,177550,190,0
2,1,19,609,50758,490013161S,TATE LIBRARY,530375,177314,154,0
2,1,20,26340,59086,490013623S,THORNE ROAD,530439,176987,172,0
2,1,21,24647,47401,490000223B,SOUTH LAMBETH ROAD / STOCKWELL STN <>,530500,176662,170,0
2,1,22,534,50936,490012832X,STOCKWELL GARDENS,530565,176405,151,0
2,1,23,12826,54959,490008500S,IRVING GROVE,530687,176195,151,0
2,1,24,12827,75155,490012833S1,STOCKWELL GREEN,530762,176056,149,0
2,1,25,BP4154,53827,490012578B,STANSFIELD ROAD,530907,175830,152,0
2,1,26,BP1785,73696,490007523B,BRIXTON ACADEMY,531021,175709,128,0
2,1,27,25945,58511,490000031P,BRIXTON STATION <> #,531029,175344,195,0
2,1,28,34748,72951,490012808Z,ST MATTHEWS CHURCH,531031,175105,166,0
2,1,29,13247,77342,490012810S,ST MATTHEWS ESTATE,531073,174927,166,0
2,1,30,484,48483,490010053S,MORVAL ROAD,531124,174723,168,0
2,1,31,25681,48978,490015275S2,BRIXTON WATER LANE,531174,174565,161,0
2,1,32,25683,47037,490006080S,JUBILEE PRIMARY SCHOOL,531210,174170,167,0
2,1,33,25685,58854,490005366S,CRAIGNAIR ROAD,531219,173826,182,0
2,1,34,25687,54916,490013950S,UPPER TULSE HILL,531367,173415,151,0
2,1,35,25689,56270,490008194S,HIGH TREES,531478,173212,148,0
2,1,36,25691,56165,490013839A,TULSE HILL TAVERN,531618,173072,117,0
2,1,37,7730,57741,490001298G,TULSE HILL STATION #,531729,172860,170,0
2,1,38,13263,49782,490014508H,WEST NORWOOD FIRE STATION,531774,172679,161,0
2,1,39,13266,50360,490008927L,LANCASTER AVENUE,531875,172462,161,0
2,1,40,9449,54438,490013655P,NORWOOD ROAD / ROBSON ROAD,531917,172263,172,0
2,1,41,34686,47772,490001331T,WEST NORWOOD STATION #,532000,172004,160,0
2,1,42,37121,54291,490010444W,NORWOOD BUS GARAGE,531937,171782,268,0
2,2,1,37121,54291,490010444W,NORWOOD BUS GARAGE,531937,171782,268,0
2,2,2,13339,48384,490012754N,ST JULIAN'S FARM ROAD,531874,171832,355,0
2,2,3,26299,57513,490001331W,WEST NORWOOD STATION #,531898,172078,3,0
2,2,4,26301,75624,490013655N,NORWOOD ROAD / ROBSON ROAD,531902,172269,352,0
2,2,5,26402,56931,490008927K,LANCASTER AVENUE,531808,172566,331,0
2,2,6,35303,50055,490001298E,TULSE HILL STATION #,531625,172951,276,0
2,2,7,35304,77954,490007778D,HARDEL RISE,531554,173060,20,0
2,2,8,R0511,58889,490008194N,HIGH TREES,531429,173276,331,0
2,2,9,25686,72908,490013950N,UPPER TULSE HILL,531301,173505,332,0
2,2,10,25684,77860,490006080N,CRAIGNAIR ROAD,531214,173900,3,0
2,2,11,25682,75206,490004401N,JUBILEE PRIMARY SCHOOL,531192,174206,348,0
2,2,12,25680,76213,490015275N2,BRIXTON WATER LANE,531173,174531,341,0
2,2,13,13246,49050,490005847N,MORVAL ROAD,531104,174756,345,0
2,2,14,BP4246,77524,490012810N,ST MATTHEWS ESTATE,531053,174958,346,0
2,2,15,29249,51103,490008919W,LAMBETH TOWN HALL,530945,175146,18,0
2,2,16,231,73875,490000031T,BRIXTON STATION <> #,531012,175360,15,0
2,2,17,421,48876,490007523C,BRIXTON ACADEMY,531034,175685,309,0
2,2,18,26341,59344,490012578N,STANSFIELD ROAD,530879,175858,330,0
2,2,19,12825,52744,490012833S2,STOCKWELL GREEN,530736,176074,331,0
2,2,20,509,48123,490000223R,STOCKWELL GARDENS,530534,176431,331,0
2,2,21,BP2502,71202,490000223A,SOUTH LAMBETH ROAD / STOCKWELL STN <>,530500,176566,353,0
2,2,22,12822,54886,490015169N,LANSDOWNE WAY,530447,176825,352,0
2,2,23,12818,54648,490013623N,THORNE ROAD,530427,176984,352,0
2,2,24,608,52059,490013161N,TATE LIBRARY,530406,177161,356,0
2,2,25,26339,58488,490014560N,WHEATSHEAF LANE,530319,177424,345,0
2,2,26,12213,75039,490014021W,VAUXHALL PARK,530402,177756,1,0
2,2,27,BP4316,74388,490000247A,VAUXHALL BUS STATION,530362,178032,320,0
2,2,28,369,52510,490007550X,VAUXHALL BRIDGE / MILLBANK,530026,178243,304,0
2,2,29,29976,57815,490000180A,PIMLICO STATION <>,529769,178420,307,0
2,2,30,351,57706,490011617N,ROCHESTER ROW,529409,178690,307,0
2,2,31,1945,48030,490010164K,NEATHOUSE PLACE,529133,178903,326,0
2,2,32,7869,57096,490000248H,VICTORIA STATION <> #,528998,179046,338,0
2,2,33,33447,76848,490007544Q,GROSVENOR GARDENS,528813,179185,300,0
2,2,34,7982,47452,490005138N,WILTON STREET,528630,179452,324,0
2,2,35,4900,77064,490000119K,HYDE PARK CORNER,528433,179666,315,0
2,2,36,29622,53919,490009277Y,LONDON HILTON HOTEL,528347,180080,9,0
2,2,37,29623,54323,490006111N2,DORCHESTER HOTEL,528157,180422,320,0
2,2,38,29629,54792,490000144W,MARBLE ARCH,527897,180794,343,0
2,2,39,450,53720,490011133M,PORTMAN STREET / SELFRIDGES,528036,181079,343,0
2,2,40,29796,76160,490015317N,GEORGE STREET,527943,181361,343,0
2,2,41,29797,54941,490009990N,DORSET STREET,527877,181575,343,0
2,2,42,29799,59187,490009711Q,MARYLEBONE ROAD,527799,181827,342,0
2,2,43,BP4401,50723,490006135B,DORSET SQUARE / BAKER STREET STATION <>,527755,181964,342,0
2,2,44,BP1402,53580,490000145LA,MARYLEBONE STATION<>,527566,181968,252,0
3,1,1,33062,58071,490000173RF,OXFORD CIRCUS STN <> / MARGARET STREET,529009,181312,152,0
3,1,2,16574,57464,490004810RJ,CONDUIT STREET / HAMLEYS TOY STORE,529178,180908,150,0
3,1,3,150,73476,490000179F,PICCADILLY CIRCUS,529401,180648,102,0
3,1,4,157,51262,490007960P,HAYMARKET,529725,180557,148,0
3,1,5,BP3508,57653,490013767A,TRAFALGAR SQ / CHARING CROSS STN <> #,529888,180409,98,0
3,1,6,17681,55680,490014585M,WHITEHALL / TRAFALGAR SQUARE,530077,180279,161,0
3,1,7,14756,57357,490019475P,WHITEHALL / TRAFALGAR SQUARE,530128,180148,164,0
3,1,8,R0470,52166,490008376S,HORSE GUARDS PARADE,530156,180041,171,0
3,1,9,BP5568,51155,490015048T,WESTMINSTER STN <> / PARLIAMENT SQUARE,530168,179836,179,0
3,1,10,BP246,58284,490003059E,ABINGDON STREET,530209,179293,177,0
3,1,11,1630,76526,490006007S1,HORSEFERRY ROAD,530243,179063,170,0
3,1,12,8295,51511,4.90E+10,LAMBETH PALACE,530635,178988,61,0
3,1,13,8296,54076,490011169E,PRATT WALK,530827,179051,68,0
3,1,14,7563,57316,490008647E,LAMBETH ROAD / KENNINGTON ROAD,531108,179168,67,0
3,1,15,2382,54476,490008473S,KENNINGTON ROAD / IMPERIAL WAR MUSEUM,531247,179003,177,0
3,1,16,26765,50079,490006864S1,FITZALAN STREET,531245,178701,182,0
3,1,17,386,57752,490008643KE,KENNINGTON LANE,531239,178440,181,0
3,1,18,26763,50861,490014773KQ,WINDMILL ROW,531235,178205,181,0
3,1,19,4736,47779,490008645X,KENNINGTON PARK POST OFFICE,531300,177914,138,0
3,1,20,26409,58583,490008642K,KENNINGTON CHURCH,531259,177384,200,0
3,1,21,452,52437,490014013S,VASSALL ROAD,531186,176922,183,0
3,1,22,2392,52606,490007587S,GROVEWAY,531176,176633,181,0
3,1,23,4727,76061,490009373S1,LOUGHBOROUGH ROAD,531203,176221,177,0
3,1,24,2394,47190,490014085S,VILLA ROAD,531190,175970,191,0
3,1,25,237,72181,490007523F,BRIXTON ROAD / BRIXTON POLICE STATION,531131,175751,195,0
3,1,26,35200,75126,490000031N,BRIXTON STATION <> #,531042,175396,189,0
3,1,27,BP5558,51446,4900019343S,ST MATTHEW'S CHURCH,531015,175168,167,0
3,1,28,13247,77342,490012810S,ST MATTHEWS ESTATE,531073,174927,166,0
3,1,29,484,48483,490010053S,MORVAL ROAD,531124,174723,168,0
3,1,30,R0519,57594,490005933S,DALBERG ROAD / EFFRA PARADE,531348,174689,160,0
3,1,31,13249,47369,490009933W,MILTON ROAD,531580,174491,119,0
3,1,32,13251,71632,490004402P,BROCKWELL LIDO,531740,174408,117,0
3,1,33,436,55607,490001149N,HERNE HILL STATION#,531947,174319,105,0
3,1,34,26304,58362,490004403G,BROCKWELL PARK,532059,174203,151,0
3,1,35,13278,73420,490007592S,GUERNSEY GROVE,532171,174007,163,0
3,1,36,13280,48527,490013847S,TURNEY ROAD,532444,173633,152,0
3,1,37,13284,57722,490011293S,PYMERS MEAD,532519,173350,161,0
3,1,38,1434,50852,490013657S,CROXTED ROAD / THURLOW PARK ROAD,532625,173135,159,0
3,1,39,13364,53191,490009183S,LINGS COPPICE,532756,172756,154,0
3,1,40,13365,51046,490008459S,ILDERSLY GROVE,532815,172576,165,0
3,1,41,13368,55094,490010774S,PARK HALL ROAD,532867,172326,169,0
3,1,42,13370,77425,490005246S,CHURCH APPROACH,532913,172098,169,0
3,1,43,13372,73221,490003233S,SOUTH CROXTED ROAD,532961,171886,164,0
3,1,44,13373,51460,490016646S,GIPSY HILL,533125,171708,110,0
3,1,45,13377,50939,490008839SE,DULWICH WOOD PARK / KINGSWOOD DRIVE,533465,171525,128,0
3,1,46,2619,72242,490015289E,DULWICH WOOD PARK / COLLEGE ROAD,533771,171531,82,0
3,1,47,13379,57755,490005494S2,CRYSTAL PALACE PARADE / COLLEGE ROAD,533839,171140,201,0
3,1,48,BP3075,71306,490005869S3,CRYSTAL PALACE,533760,170916,200,0
3,2,1,BP2418,55404,490005869D,CRYSTAL PALACE BUS STATION,533737,170798,255,0
3,2,2,BP2417,53937,490005869B,CRYSTAL PALACE PARADE,533757,170950,20,0
3,2,3,13378,71622,490005494N,CRYSTAL PALACE PARADE / COLLEGE ROAD,533830,171148,21,0
3,2,4,2618,50917,490015289W,DULWICH WOOD PARK / COLLEGE ROAD,533655,171435,243,0
3,2,5,R0515,71021,490008839W,DULWICH WOOD PARK / KINGSWOOD DRIVE,533410,171555,309,0
3,2,6,13374,56076,490007190W,GIPSY HILL,533188,171611,270,0
3,2,7,13371,76917,490003233N,ALLEYN ROAD,532963,171845,342,0
3,2,8,13369,47855,490005246N,CHURCH APPROACH,532930,171974,347,0
3,2,9,13367,58765,490012270N,SOUTH CROXTED ROAD,532869,172265,349,0
3,2,10,13366,53319,490010774N,PARK HALL ROAD,532826,172477,350,0
3,2,11,13363,57891,490009183N,LINGS COPPICE,532709,172821,336,0
3,2,12,1433,77833,490013657N,CROXTED ROAD / THURLOW PARK ROAD,532649,173025,342,0
3,2,13,13283,53678,490011293N,PYMERS MEAD,532516,173329,341,0
3,2,14,13279,55275,490013847N,TURNEY ROAD,532377,173717,317,0
3,2,15,13277,54518,490005850N,CROXTED CLOSE,532267,173843,317,0
3,2,16,13275,77185,490010451J,NORWOOD ROAD,532093,174076,276,0
3,2,17,BP5534,77049,490004403N,BROCKWELL PARK,532033,174216,329,0
3,2,18,26405,57830,490001149M,HERNE HILL STATION #,531879,174330,294,0
3,2,19,13250,73171,490004402W,BROCKWELL LIDO,531641,174446,295,0
3,2,20,3038,50793,490005054N,CHAUCER ROAD / EFFRA PARADE,531395,174614,313,0
3,2,21,26342,47835,490015275W,BRIXTON WATER LANE,531230,174604,256,0
3,2,22,13246,49050,490005847N,MORVAL ROAD,531104,174756,345,0
3,2,23,BP4246,77524,490012810N,ST MATTHEWS ESTATE,531053,174958,346,0
3,2,24,24458,53708,490008919X,LAMBETH TOWN HALL,530936,175119,18,0
3,2,25,14622,75873,490000031R,BRIXTON STATION <> #,531023,175400,13,0
3,2,26,236,49468,490007523D,BRIXTON ROAD / BRIXTON POLICE STATION,531114,175758,15,0
3,2,27,2393,52215,490014085N,VILLA ROAD,531176,175961,11,0
3,2,28,4726,72478,490009373N1,LOUGHBOROUGH ROAD,531191,176202,357,0
3,2,29,2391,77324,490007587N,GROVEWAY,531163,176547,358,0
3,2,30,BP2394,52408,490008248N,HILLYARD STREET,531166,176772,2,0
3,2,31,451,72275,490014013N,VASSALL ROAD,531181,177061,3,0
3,2,32,517,50338,490008642H,KENNINGTON CHURCH,531265,177442,18,0
3,2,33,26761,53200,490008645U,KENNINGTON PARK POST OFFICE,531266,177926,320,0
3,2,34,384,71769,490014773KP,WINDMILL ROW,531220,178219,2,0
3,2,35,2650,51061,490008643KH,KENNINGTON LANE,531225,178466,1,0
3,2,36,26764,71459,490006864N1,FITZALAN STREET,531230,178787,1,0
3,2,37,26766,77394,490008473F,KENNINGTON ROAD / IMPERIAL WAR MUSEUM,531203,179138,340,0
3,2,38,8297,71809,490011169W,PRATT WALK,530840,179039,248,0
3,2,39,8294,47033,490008917W,LAMBETH PALACE,530610,178950,232,0
3,2,40,1629,52933,490006007N,HORSEFERRY ROAD,530226,179085,350,0
3,2,41,BP245,74818,490003059D,ABINGDON STREET,530192,179324,355,0
3,2,42,996,50906,490015048A,PARLIAMENT SQUARE,530145,179785,3,0
3,2,43,7867,49892,490008376N,HORSE GUARDS PARADE,530135,180010,350,0
3,2,44,BP3503,53991,490013767T,TRAFALGAR SQUARE,529887,180390,278,0
3,2,45,154,76425,490011516Y,REGENT STREET / JERMYN STREET,529583,180532,341,0
3,2,46,155,57016,490000179C,PICCADILLY CIRCUS,529458,180636,253,0
3,2,47,370,50997,490005537RA,CONDUIT STREET / HAMLEYS TOY STORE,529195,180845,340,0
3,2,48,34848,72245,490000173AP,OXFORD CIRCUS,528871,181141,342,0
4,1,1,526,58764,490000008U,ARCHWAY STATION <> / JUNCTION ROAD,529369,186765,18,0
4,1,2,34518,77151,490014625J,WHITTINGTON HOSPITAL,529173,186896,218,0
4,1,3,34517,75557,490011872W,DARTMOUTH PARK HILL,528972,186808,248,0
4,1,4,34965,54768,490015267S,CHESTER ROAD,528987,186534,171,0
4,1,5,34964,73419,490005973S,DARTMOUTH PARK ROAD,528961,186297,177,0
4,1,6,34959,48666,490008592D,JUNCTION ROAD,529124,185924,155,0
4,1,7,36804,54121,490000239B,TUFNELL PARK STATION <>,529247,185881,81,0
4,1,8,34339,55205,490004727E,CAMPDALE ROAD,529527,185927,80,0
4,1,9,34337,56094,490005939E,DALMENY ROAD,529788,185971,81,0
4,1,10,34336,59414,490004788E,CARLETON ROAD,530019,186009,81,0
4,1,11,34334,75314,490016647E,HOLLOWAY ROAD,530342,186057,83,0
4,1,12,R0055,54657,490008296G,SEVEN SISTERS ROAD / PARKHURST ROAD,530437,186044,134,0
4,1,13,315,77297,490008296H,SEVEN SISTERS ROAD / NAGS HEAD,530543,186087,48,0
4,1,14,1291,73658,490008367J,HORNSEY ROAD,530701,186229,47,0
4,1,15,1293,74153,490006272E,DURHAM ROAD,531042,186491,59,0
4,1,16,34055,73322,490000083X,FONTHILL ROAD,531211,186597,58,0
4,1,17,BP4242,50880,490000083R,FINSBURY PARK STATION <> #,531335,186685,51,0
4,1,18,R0003,74819,490000083G,FINSBURY PARK INTERCHANGE <> #,531392,186824,34,0
4,1,19,379,57814,490006847N,BLACKSTOCK RD / CITY & ISLINGTON COLLEGE,531569,186720,136,0
4,1,20,15059,50415,490007178X,GILLESPIE ROAD,531905,186343,179,0
4,1,21,15061,76292,490011601Y,RIVERSDALE ROAD,531913,186112,174,0
4,1,22,1552,48346,490013294S,HIGHBURY GRANGE,531954,185732,178,0
4,1,23,15063,49525,490008616S,HIGHBURY BARN / LONDON METROPOLITAN UNI,531944,185488,174,0
4,1,24,15065,49563,490003053S,HIGHBURY GROVE SCHOOL / ABERDEEN PARK,531964,185258,175,0
4,1,25,9242,73463,490008146W,ST PAUL'S ROAD / HIGHBURY GROVE,531891,184777,249,0
4,1,26,11470,47466,490008143D,HIGHBURY CORNER,531740,184732,263,0
4,1,27,80001,56564,490000108G,UPPER STREET / LAYCOCK STREET,531628,184524,175,0
4,1,28,33092,76733,490008517S,ISLINGTON TOWN HALL,531653,184294,173,0
4,1,29,29748,71024,490008514S1,ST MARY'S CHURCH,531710,183865,196,0
4,1,30,9995,54639,490008515B,ISLINGTON GREEN,531627,183614,195,0
4,1,31,36601,71360,490000007G,ANGEL STATION <>,531490,183306,200,0
4,1,32,363,59293,490003327H,ANGEL ISLINGTON / CITY ROAD,531559,183118,113,0
4,1,33,8385,58215,490006309S,GOSWELL ROAD / EARLSTOKE ESTATE,531779,182862,137,0
4,1,34,8387,73939,490015107S,SPENCER STREET,531842,182750,159,0
4,1,35,8389,47740,490009099S,PERCIVAL STREET,531880,182623,163,0
4,1,36,8391,75533,490010935S,PEARTREE STREET,531952,182378,164,0
4,1,37,8392,57859,490015105S,CLERKENWELL ROAD,531989,182250,151,0
4,1,38,8394,73280,490003573S,BALTIC STREET,532091,182096,162,0
4,1,39,2286,73081,490000014B,BARBICAN STATION <>,532101,181936,180,0
4,1,40,8548,77491,490010130S,MUSEUM OF LONDON,532143,181648,171,0
4,1,41,8600,52729,490000225W,ST PAUL'S STATION <>,532134,181312,175,0
4,1,42,33385,47995,490010199E,NEW CHANGE / CANNON STREET,532200,181116,175,0
4,1,43,1152,73195,490010200C,ST PAUL'S CHURCHYARD,532151,181046,285,0
4,1,44,8602,49762,490012873B,ST PAUL'S CATHEDRAL,531964,181089,291,0
4,1,45,8581,51004,490009443F,CITY THAMESLINK STN # / LUDGATE CIRCUS,531695,181165,273,0
4,1,46,202,77565,490012105HB,SHOE LANE,531473,181168,273,0
4,1,47,8570,52782,490006826W,FETTER LANE,531356,181164,265,0
4,1,48,3178,77866,490015067W,CHANCERY LANE,531214,181130,252,0
4,1,49,20462,76629,490011757P,THE ROYAL COURTS OF JUSTICE,531003,181024,228,0
4,1,50,29985,55244,490003193S,ALDWYCH / SOMERSET HOUSE,530747,180897,248,0
4,1,51,1835,71368,490014271N,WATERLOO BRIDGE / SOUTH BANK,530890,180366,149,0
4,1,52,2593,75793,490000254E,WATERLOO STATION / WATERLOO ROAD <> #,531182,179979,142,0
4,2,1,25895,76187,490000254F,WATERLOO STATION<># / WATERLOO ROAD,531153,179991,321,0
4,2,2,25893,71234,490014270P,WATERLOO BRIDGE / SOUTH BANK,530920,180276,330,0
4,2,3,36886,71098,490008932T,LANCASTER PLACE,530650,180735,333,0
4,2,4,14628,51475,490003191D,ALDWYCH,530625,180948,22,0
4,2,5,20438,57361,490011757L,THE ROYAL COURTS OF JUSTICE,530928,181048,72,0
4,2,6,3177,73152,490006826E,FETTER LANE,531331,181176,82,0
4,2,7,969,47546,490012105HA,LUDGATE CIRCUS,531570,181182,87,0
4,2,8,14501,56735,490009443G,LUDGATE HILL / OLD BAILEY,531808,181155,102,0
4,2,9,8601,53477,490012873A,ST PAUL'S CATHEDRAL,532106,181078,111,0
4,2,10,33780,53973,490010199D,NEW CHANGE / CANNON STREET,532177,181150,333,0
4,2,11,35432,76584,490000225U,ST PAUL'S STATION <>,532073,181293,292,0
4,2,12,BP5594,48024,49008743N1,LITTLE BRITAIN,532062,181569,49,0
4,2,13,8547,54237,490010130N,MUSEUM OF LONDON,532117,181702,351,0
4,2,14,2287,57079,490000014A,BARBICAN STATION <> #,532088,181886,351,0
4,2,15,8393,57965,490003573N,CLERKENWELL ROAD / OLD STREET,532049,182151,327,0
4,2,16,8390,48964,490015105N,GOSWELL ROAD / GREAT SUTTON STREET,531964,182285,345,0
4,2,17,8388,76991,490010935N,PERCIVAL STREET,531903,182506,343,0
4,2,18,8386,48691,490015107N,SPENCER STREET,531834,182724,340,0
4,2,19,37646,57666,490003327K,ANGEL ISLINGTON,531598,183029,315,0
4,2,20,25146,71007,490000007Y,ANGEL STATION <>,531510,183405,32,0
4,2,21,9996,71076,490013261Z,THEBERTON STREET,531640,183715,22,0
4,2,22,29792,53813,490008514N2,ST MARYS CHURCH,531696,183949,351,0
4,2,23,26500,50489,490008517N1,ISLINGTON TOWN HALL,531645,184263,351,0
4,2,24,10002,48461,490000108F,HIGHBURY CORNER,531614,184603,5,0
4,2,25,11469,48600,490008143C,ST PAUL'S ROAD / HIGHBURY CORNER,531784,184753,73,0
4,2,26,15067,53209,490015544N,HIGHBURY GROVE SCHOOL / BAALBEC ROAD,531966,185046,6,0
4,2,27,15066,52564,490003053N,ABERDEEN PARK,531956,185233,353,0
4,2,28,15064,50696,490008616N,HIGHBURY GRANGE/ LONDON METROPOLITAN UNI,531945,185634,13,0
4,2,29,BP3222,50687,490015699N,JOAN OF ARC SCHOOL,531945,185904,3,0
4,2,30,15062,55743,490011601Z,RIVERSDALE ROAD,531908,186060,352,0
4,2,31,15060,73089,490009986V,MONSELL ROAD,531801,186476,317,0
4,2,32,20583,54538,490011623P,ROCK STREET,531477,186703,234,0
4,2,33,BP3912,57804,490000083S,FINSBURY PARK STATION <> #,531359,186690,232,0
4,2,34,3513,55628,490006889W,ISLEDON ROAD,531257,186509,198,0
4,2,35,33320,52436,490003929S,BERRIMAN ROAD,531086,186222,231,0
4,2,36,33321,71180,490008368S,HORNSEY ROAD / SOBELL CENTRE,530990,186035,241,0
4,2,37,36800,55998,490008296N,HOLLOWAY ROAD / CAMDEN ROAD,530758,185901,239,0
4,2,38,314,56476,490008296L,HOLLOWAY NAGS HEAD,530578,185863,316,0
4,2,39,34333,72121,490013837D,TUFNELL PARK ROAD / ODEON CINEMA,530301,186041,262,0
4,2,40,34335,75735,490004788W,CARLETON ROAD,529952,185989,261,0
4,2,41,34338,71830,490005939W,DALMENY ROAD,529650,185939,261,0
4,2,42,34340,55213,490000239A,TUFNELL PARK STATION <>,529227,185867,261,0
4,2,43,34962,53651,490008592E,DARTMOUTH PARK HILL,529106,185939,335,0
4,2,44,BP3386,55199,490016618N,SPENCER RISE,529027,186107,335,0
4,2,45,BP185,77096,490005975E,DARTMOUTH PARK ROAD,528953,186326,3,0
4,2,46,34960,76751,4.90E+09,CHESTER ROAD,528963,186594,352,0
4,2,47,34516,49442,490011872E,MAGDALA AVENUE,529004,186828,71,0
4,2,48,34519,51379,490014625E,WHITTINGTON HOSPITAL,529185,186927,33,0
4,2,49,34429,57816,490000008C,ARCHWAY STATION <>,529269,186930,121,0
4,2,50,26434,54953,490009499S,ARCHWAY STATION <> / MACDONALD ROAD,529287,186865,216,0
5,1,1,34092,48610,490011659E,ROMFORD MARKET,551294,189123,99,0
5,1,2,BP4873,53088,490009810K,MERCURY GARDENS,551506,188956,148,0
5,1,3,R0656,47874,490014452Q,WESTERN ROAD,551440,188734,233,0
5,1,4,R0680,76504,490001243T,ROMFORD STATION #,551433,188433,169,0
5,1,5,18028,51831,490013654S,THURLOE GARDENS,551506,188100,129,0
5,1,6,R0500,75538,490013483S,BRENTWOOD ROAD,551652,187898,170,0
5,1,7,37088,51543,490005450S,CLYDESDALE ROAD,551655,187648,175,0
5,1,8,18351,50256,490010443W,NORWOOD AVENUE,551325,187452,270,0
5,1,9,9007,76897,490005927W,DAGENHAM ROAD,550853,187405,261,0
5,1,10,18349,51795,490009090W,LEONARD AVENUE,550485,187319,248,0
5,1,11,18347,54592,490005381W,CLAYTON ROAD,550207,187204,248,0
5,1,12,19265,52001,490003660W,BARTON AVENUE,549976,187140,255,0
5,1,13,9823,49103,490005923P,CIVIC CENTRE / WOOD LANE,549534,186976,242,0
5,1,14,BP5546,75730,490003764W,BECONTREE HEATH BUS STATION,549252,186869,298,0
5,1,15,1830,57270,490003762E,WOOD LANE / MORRISONS,548988,186667,189,0
5,1,16,LE223,72825,490006867W,FIVE ELMS SCHOOL,548751,186184,218,0
5,1,17,15519,51039,490006865W,BOXOLL ROAD,548515,186056,250,0
5,1,18,15517,47020,490003965W,BEVERLEY ROAD,548210,185900,248,0
5,1,19,20988,57573,490009704D,MARTINS CORNER / VALENCE AVENUE,547738,185789,263,0
5,1,20,15515,58969,490003535W,BENNETTS CASTLE LANE,547279,185716,265,0
5,1,21,15514,77635,490009182W,LINDSEY ROAD,547013,185709,280,0
5,1,22,34361,47692,490009247W,LODGE AVENUE,546550,185763,275,0
5,1,23,7770,57975,490007288S,GOODMAYES LANE,546159,185701,216,0
5,1,24,15510,53794,490011903W,SANDHURST DRIVE,545986,185519,239,0
5,1,25,15508,73050,490013653W,THURLESTONE AVENUE,545681,185355,233,0
5,1,26,26367,59400,490003605W,BARKING BUS GARAGE / FAIRCROSS,545409,185149,237,0
5,1,27,1217,57277,490006700W,UPNEY LANE,545198,185007,236,0
5,1,28,15505,71872,490008419W,HULSE AVENUE / BARKING PARK,544870,184769,235,0
5,1,29,9646,55664,490006734W,FANSHAWE AVENUE,544667,184579,225,0
5,1,30,BP097,72012,490000015N,BARKING STATION <> #,544441,184310,216,0
5,1,31,LE142,56790,490003616C,BARKING TOWN CENTRE,544238,184175,255,0
5,1,32,LE138,53879,490010408F,NORTH STREET,544037,184120,265,0
5,1,33,1904,73851,490003615S,BARKING TESCO,543702,184030,229,0
5,1,34,1902,54091,490004592W,BURGES ROAD,543437,183821,228,0
5,1,35,1900,77652,490012843W,ST OLAVE'S ROAD,543313,183699,231,0
5,1,36,1896,74104,490003280W,ALTMORE AVENUE,542922,183641,260,0
5,1,37,696,71435,490010218W,NEWHAM TOWN HALL,542720,183597,257,0
5,1,38,1894,77795,490003659Q,BARTLE AVENUE,542373,183499,251,0
5,1,39,1892,56905,490003126W,AINTREE AVENUE,542198,183445,253,0
5,1,40,1890,77099,490006078W,DICKENS ROAD,541853,183336,254,0
5,1,41,1888,59182,490013959W,UPTON PARK / PRIORY ROAD,541689,183287,253,0
5,1,42,28111,73121,490013958P,UPTON PARK GREEN STREET,541521,183236,253,0
5,1,43,1884,73209,490010201W,NEW CITY ROAD,541161,183036,223,0
5,1,44,747,53154,490011040W,PLAISTOW / GREEN GATE,540836,182686,225,0
5,1,45,1882,48719,490011047W,PLAISTOW POLICE STATION,540654,182504,225,0
5,1,46,4891,76929,490003551W,BALAAM STREET,540473,182345,244,0
5,1,47,BP3756,73471,490016265W,CHARGEABLE LANE,540301,182218,229,0
5,1,48,1878,73947,490005860W,CROYDON ROAD,540142,182090,232,0
5,1,49,BP665,57910,490005902W,ROKEBY SCHOOL,539919,181921,233,0
5,1,50,20773,49899,490003750M,HERMIT ROAD,539735,181780,234,0
5,1,51,8153,73168,490011429N,RATHBONE MARKET,539541,181636,234,0
5,1,52,BP2284,57377,490000039A,CANNING TOWN STATION <> # [DLR],539438,181428,147,0
5,2,1,BP2282,54901,490000039F,CANNING TOWN BUS STATION,539457,181425,329,0
5,2,2,8152,57968,490011429J,RATHBONE MARKET,539549,181661,54,0
5,2,3,R0297,48308,490003750L,HERMIT ROAD,539722,181791,54,0
5,2,4,1879,49414,490005902E,ROKEBY SCHOOL,539984,181987,53,0
5,2,5,1881,53982,490008834E,KING STREET,540187,182140,53,0
5,2,6,4892,56266,490003551E,BALAAM STREET,540368,182292,48,0
5,2,7,1883,50353,490011047E,PLAISTOW POLICE STATION,540575,182442,46,0
5,2,8,4893,76332,490011040E,PLAISTOW / GREEN GATE,540923,182792,40,0
5,2,9,1885,58956,490010201E,NEW CITY ROAD,541069,182956,44,0
5,2,10,BP3755,77613,490016264E,SAMSON STREET,541193,183088,43,0
5,2,11,1202,50111,490003273O,UPTON PARK / GREEN STREET,541355,183221,78,0
5,2,12,36928,54785,490013959E,UPTON PARK / PRIORY ROAD,541597,183274,73,0
5,2,13,1891,53679,490003390E,ARRAGON ROAD,541816,183339,73,0
5,2,14,1893,77046,490008601E,KATHERINE ROAD,542033,183406,72,0
5,2,15,1895,49299,490003659P,BARTLE AVENUE,542324,183497,72,0
5,2,16,20770,57723,490006360S,HIGH STREET NORTH,542519,183560,74,0
5,2,17,BP781,49570,490010218O,NEWHAM TOWN HALL,542664,183598,76,0
5,2,18,1897,53028,490003280X,ALTMORE AVENUE,542876,183645,78,0
5,2,19,16396,77700,490012843E,ST OLAVE'S ROAD,543233,183689,81,0
5,2,20,1903,76995,490004592E,BURGES ROAD,543503,183926,36,0
5,2,21,695,55317,490010408P,NORTH STREET,543997,184127,83,0
5,2,22,9540,48966,490003616E,BARKING TOWN CENTRE,544264,184195,81,0
5,2,23,29776,47665,490000015K,BARKING STATION <> #,544440,184343,36,0
5,2,24,15504,72439,490006734E,FANSHAWE AVENUE,544661,184592,43,0
5,2,25,15506,77619,490008419E,HULSE AVENUE / BARKING PARK,544903,184809,57,0
5,2,26,1216,49838,490006700E,UPNEY LANE,545205,185030,56,0
5,2,27,26368,71939,4.90E+09,BARKING BUS GARAGE / FAIRCROSS,545401,185160,57,0
5,2,28,15507,73588,490013653E,MEADWAY,545661,185358,53,0
5,2,29,15509,75025,490004768E,CAPEL GARDENS,545892,185495,66,0
5,2,30,7769,50382,490007288E,GOODMAYES LANE,546185,185762,32,0
5,2,31,29756,74112,490003760E,BECONTREE AVENUE,546622,185781,98,0
5,2,32,15513,54360,490009182E,LINDSEY ROAD,546977,185732,99,0
5,2,33,15453,52533,490003535E,BENNETTS CASTLE LANE,547436,185763,76,0
5,2,34,14953,74511,490009704B,MARTINS CORNER / VALENCE AVENUE,547732,185803,83,0
5,2,35,15518,48364,490003965E,CHARLECOTE ROAD,548264,185952,58,0
5,2,36,15520,71751,490006865E,WINMILL ROAD,548610,186109,69,0
5,2,37,15522,74740,490008033N,HEATHWAY,548952,186524,12,0
5,2,38,1831,76240,490003762C,WOOD LANE / MORRISONS,548983,186751,2,0
5,2,39,BP071,55714,490003763G,ALTHORNE WAY,549097,186919,83,0
5,2,40,9822,77461,490005923R,CIVIC CENTRE / WOOD LANE,549633,187038,70,0
5,2,41,19266,77244,490003660E,BARTON AVENUE,549923,187137,70,0
5,2,42,18348,73972,490005381E,CLAYTON ROAD,550162,187200,74,0
5,2,43,18350,74629,490009090E,LEONARD AVENUE,550592,187373,68,0
5,2,44,9008,55082,490005926E,DAGENHAM ROAD,551057,187456,81,0
5,2,45,18352,72521,490010443E,NORWOOD AVENUE,551401,187463,90,0
5,2,46,37089,51295,490005450N,CLYDESDALE ROAD,551645,187727,3,0
5,2,47,18029,74599,490013483N,BRENTWOOD ROAD,551572,188033,309,0
5,2,48,BP240,48280,490001243V,ROMFORD STATION #,551414,188442,350,0
5,2,49,BP4227,56241,490014452E,WESTERN ROAD,551458,188762,50,0
5,2,50,34118,58678,490011659L,ROMFORD MARKET,551319,189095,281,0
